{
    "4": [
        {
            "text": "empty",
            "probability": 0.19404471900623965,
            "start_logit": 0.0,
            "end_logit": 0.0
        },
        {
            "text": "",
            "probability": 0.8059552809937603,
            "start_logit": 0.4459638297557831,
            "end_logit": 0.9779757857322693
        }
    ],
    "9": [
        {
            "text": "empty",
            "probability": 0.1509286378969818,
            "start_logit": 0.0,
            "end_logit": 0.0
        },
        {
            "text": "",
            "probability": 0.8490713621030183,
            "start_logit": 0.7312201857566833,
            "end_logit": 0.9961159229278564
        }
    ],
    "19": [
        {
            "text": "empty",
            "probability": 0.1598916877072044,
            "start_logit": 0.0,
            "end_logit": 0.0
        },
        {
            "text": "",
            "probability": 0.8401083122927955,
            "start_logit": 0.6663033962249756,
            "end_logit": 0.9927307963371277
        }
    ],
    "49": [
        {
            "text": "empty",
            "probability": 0.2752419646490019,
            "start_logit": 0.0,
            "end_logit": 0.0
        },
        {
            "text": "",
            "probability": 0.724758035350998,
            "start_logit": 0.47311636805534363,
            "end_logit": 0.4950709044933319
        }
    ],
    "50": [
        {
            "text": "empty",
            "probability": 0.3148447023284455,
            "start_logit": 0.0,
            "end_logit": 0.0
        },
        {
            "text": "",
            "probability": 0.6851552976715545,
            "start_logit": 0.35768282413482666,
            "end_logit": 0.41988319158554077
        }
    ],
    "54": [
        {
            "text": "empty",
            "probability": 0.23259436515111886,
            "start_logit": 0.0,
            "end_logit": 0.0
        },
        {
            "text": "",
            "probability": 0.7674056348488811,
            "start_logit": 0.506227970123291,
            "end_logit": 0.6874915361404419
        }
    ],
    "58": [
        {
            "text": "empty",
            "probability": 0.220001729886082,
            "start_logit": 0.0,
            "end_logit": 0.0
        },
        {
            "text": "",
            "probability": 0.7799982701139181,
            "start_logit": 0.5983323454856873,
            "end_logit": 0.6673239469528198
        }
    ],
    "68": [
        {
            "text": "empty",
            "probability": 0.19306473177391986,
            "start_logit": 0.0,
            "end_logit": 0.0
        },
        {
            "text": "",
            "probability": 0.8069352682260801,
            "start_logit": 0.45713263750076294,
            "end_logit": 0.9730852842330933
        }
    ],
    "72": [
        {
            "text": "empty",
            "probability": 0.18841617272984168,
            "start_logit": 0.0,
            "end_logit": 0.0
        },
        {
            "text": "",
            "probability": 0.8115838272701582,
            "start_logit": 0.48266834020614624,
            "end_logit": 0.9776661396026611
        }
    ],
    "80": [
        {
            "text": "empty",
            "probability": 0.15827176003619042,
            "start_logit": 0.0,
            "end_logit": 0.0
        },
        {
            "text": "",
            "probability": 0.8417282399638095,
            "start_logit": 0.674647867679596,
            "end_logit": 0.99649578332901
        }
    ],
    "88": [
        {
            "text": "empty",
            "probability": 0.14974540622048263,
            "start_logit": 0.0,
            "end_logit": 0.0
        },
        {
            "text": "",
            "probability": 0.8502545937795174,
            "start_logit": 0.761883020401001,
            "end_logit": 0.9747162461280823
        }
    ],
    "89": [
        {
            "text": "empty",
            "probability": 0.14117915305555503,
            "start_logit": 0.0,
            "end_logit": 0.0
        },
        {
            "text": "",
            "probability": 0.8588208469444448,
            "start_logit": 0.8319142460823059,
            "end_logit": 0.9736164212226868
        }
    ],
    "90": [
        {
            "text": "empty",
            "probability": 0.15451367816154624,
            "start_logit": 0.0,
            "end_logit": 0.0
        },
        {
            "text": "",
            "probability": 0.8454863218384537,
            "start_logit": 0.7373483180999756,
            "end_logit": 0.9622810482978821
        }
    ],
    "107": [
        {
            "text": "empty",
            "probability": 0.1913248644189703,
            "start_logit": 0.0,
            "end_logit": 0.0
        },
        {
            "text": "",
            "probability": 0.8086751355810297,
            "start_logit": 0.4548102617263794,
            "end_logit": 0.9866141676902771
        }
    ],
    "115": [
        {
            "text": "empty",
            "probability": 0.15010192064325062,
            "start_logit": 0.0,
            "end_logit": 0.0
        },
        {
            "text": "",
            "probability": 0.8498980793567494,
            "start_logit": 0.7355741262435913,
            "end_logit": 0.9982277750968933
        }
    ],
    "133": [
        {
            "text": "empty",
            "probability": 0.16569838438635826,
            "start_logit": 0.0,
            "end_logit": 0.0
        },
        {
            "text": "",
            "probability": 0.8343016156136418,
            "start_logit": 0.6327628493309021,
            "end_logit": 0.9836629629135132
        }
    ],
    "137": [
        {
            "text": "empty",
            "probability": 0.28068882117701166,
            "start_logit": 0.0,
            "end_logit": 0.0
        },
        {
            "text": "",
            "probability": 0.7193111788229882,
            "start_logit": 0.46867984533309937,
            "end_logit": 0.4723675549030304
        }
    ],
    "140": [
        {
            "text": "empty",
            "probability": 0.3137704588705225,
            "start_logit": 0.0,
            "end_logit": 0.0
        },
        {
            "text": "",
            "probability": 0.6862295411294774,
            "start_logit": 0.3489072024822235,
            "end_logit": 0.43364328145980835
        }
    ],
    "166": [
        {
            "text": "empty",
            "probability": 0.190778687784203,
            "start_logit": 0.0,
            "end_logit": 0.0
        },
        {
            "text": "",
            "probability": 0.809221312215797,
            "start_logit": 0.47048044204711914,
            "end_logit": 0.9744779467582703
        }
    ],
    "200": [
        {
            "text": "empty",
            "probability": 0.22240544553474248,
            "start_logit": 0.0,
            "end_logit": 0.0
        },
        {
            "text": "",
            "probability": 0.7775945544652576,
            "start_logit": 0.5836186408996582,
            "end_logit": 0.6680845618247986
        }
    ],
    "201": [
        {
            "text": "empty",
            "probability": 0.13691987859039714,
            "start_logit": 0.0,
            "end_logit": 0.0
        },
        {
            "text": "",
            "probability": 0.8630801214096028,
            "start_logit": 0.8869407773017883,
            "end_logit": 0.954170823097229
        }
    ],
    "202": [
        {
            "text": "empty",
            "probability": 0.1638534626464587,
            "start_logit": 0.0,
            "end_logit": 0.0
        },
        {
            "text": "",
            "probability": 0.8361465373535413,
            "start_logit": 0.753271758556366,
            "end_logit": 0.8765596151351929
        }
    ],
    "203": [
        {
            "text": "empty",
            "probability": 0.25102102362129036,
            "start_logit": 0.0,
            "end_logit": 0.0
        },
        {
            "text": "",
            "probability": 0.7489789763787096,
            "start_logit": 0.533060610294342,
            "end_logit": 0.5601136088371277
        }
    ],
    "204": [
        {
            "text": "empty",
            "probability": 0.291820997614519,
            "start_logit": 0.0,
            "end_logit": 0.0
        },
        {
            "text": "",
            "probability": 0.7081790023854809,
            "start_logit": 0.42447149753570557,
            "end_logit": 0.4620848000049591
        }
    ],
    "205": [
        {
            "text": "empty",
            "probability": 0.14079340209902996,
            "start_logit": 0.0,
            "end_logit": 0.0
        },
        {
            "text": "",
            "probability": 0.8592065979009701,
            "start_logit": 0.8450888395309448,
            "end_logit": 0.9636269807815552
        }
    ],
    "206": [
        {
            "text": "empty",
            "probability": 0.3029930514591769,
            "start_logit": 0.0,
            "end_logit": 0.0
        },
        {
            "text": "",
            "probability": 0.6970069485408231,
            "start_logit": 0.2524236738681793,
            "end_logit": 0.5806618332862854
        }
    ],
    "207": [
        {
            "text": "empty",
            "probability": 0.1751686331200124,
            "start_logit": 0.0,
            "end_logit": 0.0
        },
        {
            "text": "",
            "probability": 0.8248313668799875,
            "start_logit": 0.5578550100326538,
            "end_logit": 0.9915748238563538
        }
    ],
    "208": [
        {
            "text": "empty",
            "probability": 0.29108239531452357,
            "start_logit": 0.0,
            "end_logit": 0.0
        },
        {
            "text": "",
            "probability": 0.7089176046854765,
            "start_logit": 0.43250516057014465,
            "end_logit": 0.4576277732849121
        }
    ],
    "209": [
        {
            "text": "empty",
            "probability": 0.19146467679788703,
            "start_logit": 0.0,
            "end_logit": 0.0
        },
        {
            "text": "",
            "probability": 0.808535323202113,
            "start_logit": 0.4482536017894745,
            "end_logit": 0.9922674298286438
        }
    ],
    "210": [
        {
            "text": "empty",
            "probability": 0.19904418635670784,
            "start_logit": 0.0,
            "end_logit": 0.0
        },
        {
            "text": "",
            "probability": 0.8009558136432922,
            "start_logit": 0.4171461760997772,
            "end_logit": 0.9751327633857727
        }
    ],
    "211": [
        {
            "text": "empty",
            "probability": 0.16460357806903222,
            "start_logit": 0.0,
            "end_logit": 0.0
        },
        {
            "text": "",
            "probability": 0.8353964219309679,
            "start_logit": 0.6281048059463501,
            "end_logit": 0.9962615370750427
        }
    ],
    "212": [
        {
            "text": "empty",
            "probability": 0.20412970276073653,
            "start_logit": 0.0,
            "end_logit": 0.0
        },
        {
            "text": "",
            "probability": 0.7958702972392634,
            "start_logit": 0.5614257454872131,
            "end_logit": 0.7992548942565918
        }
    ],
    "213": [
        {
            "text": "empty",
            "probability": 0.17858019128148098,
            "start_logit": 0.0,
            "end_logit": 0.0
        },
        {
            "text": "",
            "probability": 0.821419808718519,
            "start_logit": 0.683768630027771,
            "end_logit": 0.8422279357910156
        }
    ],
    "214": [
        {
            "text": "empty",
            "probability": 0.17948334309062325,
            "start_logit": 0.0,
            "end_logit": 0.0
        },
        {
            "text": "",
            "probability": 0.8205166569093768,
            "start_logit": 0.5274976491928101,
            "end_logit": 0.992354154586792
        }
    ],
    "215": [
        {
            "text": "empty",
            "probability": 0.20493893430819715,
            "start_logit": 0.0,
            "end_logit": 0.0
        },
        {
            "text": "",
            "probability": 0.7950610656918028,
            "start_logit": 0.5989493727684021,
            "end_logit": 0.7567574977874756
        }
    ],
    "216": [
        {
            "text": "empty",
            "probability": 0.18021689665674182,
            "start_logit": 0.0,
            "end_logit": 0.0
        },
        {
            "text": "",
            "probability": 0.8197831033432581,
            "start_logit": 0.5203375816345215,
            "end_logit": 0.9945411086082458
        }
    ],
    "217": [
        {
            "text": "empty",
            "probability": 0.18262684002960183,
            "start_logit": 0.0,
            "end_logit": 0.0
        },
        {
            "text": "",
            "probability": 0.8173731599703982,
            "start_logit": 0.5031574964523315,
            "end_logit": 0.9954932928085327
        }
    ],
    "218": [
        {
            "text": "empty",
            "probability": 0.22076935494138442,
            "start_logit": 0.0,
            "end_logit": 0.0
        },
        {
            "text": "",
            "probability": 0.7792306450586155,
            "start_logit": 0.582650899887085,
            "end_logit": 0.6785376667976379
        }
    ],
    "219": [
        {
            "text": "empty",
            "probability": 0.19339454713307533,
            "start_logit": 0.0,
            "end_logit": 0.0
        },
        {
            "text": "",
            "probability": 0.8066054528669248,
            "start_logit": 0.5138973593711853,
            "end_logit": 0.9142048954963684
        }
    ],
    "220": [
        {
            "text": "empty",
            "probability": 0.16368104174852105,
            "start_logit": 0.0,
            "end_logit": 0.0
        },
        {
            "text": "",
            "probability": 0.836318958251479,
            "start_logit": 0.7595858573913574,
            "end_logit": 0.871504545211792
        }
    ],
    "221": [
        {
            "text": "empty",
            "probability": 0.17284919043788669,
            "start_logit": 0.0,
            "end_logit": 0.0
        },
        {
            "text": "",
            "probability": 0.8271508095621133,
            "start_logit": 0.7057164907455444,
            "end_logit": 0.859851062297821
        }
    ],
    "222": [
        {
            "text": "empty",
            "probability": 0.24125268650614265,
            "start_logit": 0.0,
            "end_logit": 0.0
        },
        {
            "text": "",
            "probability": 0.7587473134938573,
            "start_logit": 0.3872509300708771,
            "end_logit": 0.7585729956626892
        }
    ],
    "223": [
        {
            "text": "empty",
            "probability": 0.19269057456829528,
            "start_logit": 0.0,
            "end_logit": 0.0
        },
        {
            "text": "",
            "probability": 0.8073094254317047,
            "start_logit": 0.44108229875564575,
            "end_logit": 0.9915390610694885
        }
    ],
    "224": [
        {
            "text": "empty",
            "probability": 0.1715288342228834,
            "start_logit": 0.0,
            "end_logit": 0.0
        },
        {
            "text": "",
            "probability": 0.8284711657771165,
            "start_logit": 0.5784906148910522,
            "end_logit": 0.9963400363922119
        }
    ],
    "225": [
        {
            "text": "empty",
            "probability": 0.12965887959965808,
            "start_logit": 0.0,
            "end_logit": 0.0
        },
        {
            "text": "",
            "probability": 0.870341120400342,
            "start_logit": 0.9180347919464111,
            "end_logit": 0.9859434366226196
        }
    ],
    "226": [
        {
            "text": "empty",
            "probability": 0.18066986724275103,
            "start_logit": 0.0,
            "end_logit": 0.0
        },
        {
            "text": "",
            "probability": 0.819330132757249,
            "start_logit": 0.5188893675804138,
            "end_logit": 0.992926299571991
        }
    ],
    "227": [
        {
            "text": "empty",
            "probability": 0.15192568560849476,
            "start_logit": 0.0,
            "end_logit": 0.0
        },
        {
            "text": "",
            "probability": 0.8480743143915053,
            "start_logit": 0.7247980237007141,
            "end_logit": 0.9947787523269653
        }
    ],
    "228": [
        {
            "text": "empty",
            "probability": 0.2681601208882244,
            "start_logit": 0.0,
            "end_logit": 0.0
        },
        {
            "text": "",
            "probability": 0.7318398791117756,
            "start_logit": 0.4767420291900635,
            "end_logit": 0.5272354483604431
        }
    ],
    "229": [
        {
            "text": "empty",
            "probability": 0.2142153767055379,
            "start_logit": 0.0,
            "end_logit": 0.0
        },
        {
            "text": "",
            "probability": 0.7857846232944622,
            "start_logit": 0.6500707268714905,
            "end_logit": 0.649630069732666
        }
    ],
    "230": [
        {
            "text": "empty",
            "probability": 0.12873601077354263,
            "start_logit": 0.0,
            "end_logit": 0.0
        },
        {
            "text": "",
            "probability": 0.8712639892264574,
            "start_logit": 0.9266605973243713,
            "end_logit": 0.9855205416679382
        }
    ],
    "231": [
        {
            "text": "empty",
            "probability": 0.20845210493969962,
            "start_logit": 0.0,
            "end_logit": 0.0
        },
        {
            "text": "",
            "probability": 0.7915478950603004,
            "start_logit": 0.35029137134552,
            "end_logit": 0.9839897155761719
        }
    ],
    "232": [
        {
            "text": "empty",
            "probability": 0.23361627655373687,
            "start_logit": 0.0,
            "end_logit": 0.0
        },
        {
            "text": "",
            "probability": 0.7663837234462632,
            "start_logit": 0.5535644888877869,
            "end_logit": 0.6344385743141174
        }
    ],
    "233": [
        {
            "text": "empty",
            "probability": 0.16123967580692727,
            "start_logit": 0.0,
            "end_logit": 0.0
        },
        {
            "text": "",
            "probability": 0.8387603241930728,
            "start_logit": 0.6527687907218933,
            "end_logit": 0.9962642788887024
        }
    ],
    "234": [
        {
            "text": "empty",
            "probability": 0.2920199298082273,
            "start_logit": 0.0,
            "end_logit": 0.0
        },
        {
            "text": "",
            "probability": 0.7079800701917728,
            "start_logit": 0.4294787049293518,
            "end_logit": 0.456115186214447
        }
    ]
}
