{
    "4": [
        {
            "text": "empty",
            "probability": 0.3093276475490615,
            "start_logit": 0.0,
            "end_logit": 0.0
        },
        {
            "text": "",
            "probability": 0.6906723524509385,
            "start_logit": 0.6650119423866272,
            "end_logit": 0.13825254142284393
        }
    ],
    "9": [
        {
            "text": "empty",
            "probability": 0.22506875291549527,
            "start_logit": 0.0,
            "end_logit": 0.0
        },
        {
            "text": "",
            "probability": 0.7749312470845048,
            "start_logit": 0.46836063265800476,
            "end_logit": 0.768007755279541
        }
    ],
    "19": [
        {
            "text": "empty",
            "probability": 0.22941965142500073,
            "start_logit": 0.0,
            "end_logit": 0.0
        },
        {
            "text": "",
            "probability": 0.7705803485749994,
            "start_logit": 0.6061999797821045,
            "end_logit": 0.6053910851478577
        }
    ],
    "49": [
        {
            "text": "empty",
            "probability": 0.1462005473062619,
            "start_logit": 0.0,
            "end_logit": 0.0
        },
        {
            "text": "",
            "probability": 0.8537994526937381,
            "start_logit": 0.9651928544044495,
            "end_logit": 0.799524188041687
        }
    ],
    "50": [
        {
            "text": "empty",
            "probability": 0.15124102664292494,
            "start_logit": 0.0,
            "end_logit": 0.0
        },
        {
            "text": "",
            "probability": 0.8487589733570751,
            "start_logit": 0.9767755270004272,
            "end_logit": 0.7481249570846558
        }
    ],
    "54": [
        {
            "text": "empty",
            "probability": 0.13058997121623345,
            "start_logit": 0.0,
            "end_logit": 0.0
        },
        {
            "text": "",
            "probability": 0.8694100287837666,
            "start_logit": 0.9989697933197021,
            "end_logit": 0.896782636642456
        }
    ],
    "58": [
        {
            "text": "empty",
            "probability": 0.43644846524247827,
            "start_logit": 0.0,
            "end_logit": 0.0
        },
        {
            "text": "",
            "probability": 0.5635515347575218,
            "start_logit": 0.18636421859264374,
            "end_logit": 0.06922426074743271
        }
    ],
    "68": [
        {
            "text": "empty",
            "probability": 0.2813403056441294,
            "start_logit": 0.0,
            "end_logit": 0.0
        },
        {
            "text": "",
            "probability": 0.7186596943558705,
            "start_logit": 0.7740637063980103,
            "end_logit": 0.163759246468544
        }
    ],
    "72": [
        {
            "text": "empty",
            "probability": 0.14266039730780689,
            "start_logit": 0.0,
            "end_logit": 0.0
        },
        {
            "text": "",
            "probability": 0.8573396026921931,
            "start_logit": 0.9269311428070068,
            "end_logit": 0.8664360046386719
        }
    ],
    "80": [
        {
            "text": "empty",
            "probability": 0.2347295288315498,
            "start_logit": 0.0,
            "end_logit": 0.0
        },
        {
            "text": "",
            "probability": 0.7652704711684502,
            "start_logit": 0.5871292948722839,
            "end_logit": 0.5946661233901978
        }
    ],
    "88": [
        {
            "text": "empty",
            "probability": 0.12043028016927591,
            "start_logit": 0.0,
            "end_logit": 0.0
        },
        {
            "text": "",
            "probability": 0.8795697198307241,
            "start_logit": 0.9894585609436035,
            "end_logit": 0.9989032745361328
        }
    ],
    "89": [
        {
            "text": "empty",
            "probability": 0.12061531928385279,
            "start_logit": 0.0,
            "end_logit": 0.0
        },
        {
            "text": "",
            "probability": 0.8793846807161473,
            "start_logit": 0.9881772398948669,
            "end_logit": 0.9984388947486877
        }
    ],
    "90": [
        {
            "text": "empty",
            "probability": 0.11998468213627042,
            "start_logit": 0.0,
            "end_logit": 0.0
        },
        {
            "text": "",
            "probability": 0.8800153178637296,
            "start_logit": 0.9935575127601624,
            "end_logit": 0.9990177154541016
        }
    ],
    "107": [
        {
            "text": "empty",
            "probability": 0.293266095061092,
            "start_logit": 0.0,
            "end_logit": 0.0
        },
        {
            "text": "",
            "probability": 0.706733904938908,
            "start_logit": 0.5345588326454163,
            "end_logit": 0.3450150191783905
        }
    ],
    "115": [
        {
            "text": "empty",
            "probability": 0.23918572040414163,
            "start_logit": 0.0,
            "end_logit": 0.0
        },
        {
            "text": "",
            "probability": 0.7608142795958583,
            "start_logit": 0.5401818752288818,
            "end_logit": 0.6169670820236206
        }
    ],
    "133": [
        {
            "text": "empty",
            "probability": 0.19900496766654327,
            "start_logit": 0.0,
            "end_logit": 0.0
        },
        {
            "text": "",
            "probability": 0.8009950323334567,
            "start_logit": 0.5995409488677979,
            "end_logit": 0.7929840087890625
        }
    ],
    "137": [
        {
            "text": "empty",
            "probability": 0.13221720136692264,
            "start_logit": 0.0,
            "end_logit": 0.0
        },
        {
            "text": "",
            "probability": 0.8677827986330773,
            "start_logit": 0.9777656197547913,
            "end_logit": 0.9037297964096069
        }
    ],
    "140": [
        {
            "text": "empty",
            "probability": 0.18014435610214388,
            "start_logit": 0.0,
            "end_logit": 0.0
        },
        {
            "text": "",
            "probability": 0.8198556438978561,
            "start_logit": 0.757193922996521,
            "end_logit": 0.7581758499145508
        }
    ],
    "166": [
        {
            "text": "empty",
            "probability": 0.28279401756698297,
            "start_logit": 0.0,
            "end_logit": 0.0
        },
        {
            "text": "",
            "probability": 0.7172059824330169,
            "start_logit": 0.4860438108444214,
            "end_logit": 0.44460049271583557
        }
    ],
    "200": [
        {
            "text": "empty",
            "probability": 0.12225808449222694,
            "start_logit": 0.0,
            "end_logit": 0.0
        },
        {
            "text": "",
            "probability": 0.877741915507773,
            "start_logit": 0.9996253252029419,
            "end_logit": 0.9715930223464966
        }
    ],
    "201": [
        {
            "text": "empty",
            "probability": 0.12301661620673746,
            "start_logit": 0.0,
            "end_logit": 0.0
        },
        {
            "text": "",
            "probability": 0.8769833837932625,
            "start_logit": 0.9993587136268616,
            "end_logit": 0.9648098945617676
        }
    ],
    "202": [
        {
            "text": "empty",
            "probability": 0.12766756690111367,
            "start_logit": 0.0,
            "end_logit": 0.0
        },
        {
            "text": "",
            "probability": 0.8723324330988864,
            "start_logit": 0.9942806959152222,
            "end_logit": 0.9274601340293884
        }
    ],
    "203": [
        {
            "text": "empty",
            "probability": 0.19650632719047023,
            "start_logit": 0.0,
            "end_logit": 0.0
        },
        {
            "text": "",
            "probability": 0.8034936728095298,
            "start_logit": 0.9163024425506592,
            "end_logit": 0.4919722378253937
        }
    ],
    "204": [
        {
            "text": "empty",
            "probability": 0.22605603101062255,
            "start_logit": 0.0,
            "end_logit": 0.0
        },
        {
            "text": "",
            "probability": 0.7739439689893776,
            "start_logit": 0.6439840197563171,
            "end_logit": 0.5867325663566589
        }
    ],
    "205": [
        {
            "text": "empty",
            "probability": 0.11958800045278573,
            "start_logit": 0.0,
            "end_logit": 0.0
        },
        {
            "text": "",
            "probability": 0.8804119995472143,
            "start_logit": 0.9999426603317261,
            "end_logit": 0.9963948130607605
        }
    ],
    "206": [
        {
            "text": "empty",
            "probability": 0.27715343020548944,
            "start_logit": 0.0,
            "end_logit": 0.0
        },
        {
            "text": "",
            "probability": 0.7228465697945106,
            "start_logit": 0.5070719718933105,
            "end_logit": 0.4515537619590759
        }
    ],
    "207": [
        {
            "text": "empty",
            "probability": 0.20464912749380973,
            "start_logit": 0.0,
            "end_logit": 0.0
        },
        {
            "text": "",
            "probability": 0.7953508725061902,
            "start_logit": 0.63824462890625,
            "end_logit": 0.7192417979240417
        }
    ],
    "208": [
        {
            "text": "empty",
            "probability": 0.13497113942896558,
            "start_logit": 0.0,
            "end_logit": 0.0
        },
        {
            "text": "",
            "probability": 0.8650288605710345,
            "start_logit": 0.9135430455207825,
            "end_logit": 0.9441588521003723
        }
    ],
    "209": [
        {
            "text": "empty",
            "probability": 0.16152059012868444,
            "start_logit": 0.0,
            "end_logit": 0.0
        },
        {
            "text": "",
            "probability": 0.8384794098713156,
            "start_logit": 0.9968936443328857,
            "end_logit": 0.6500637531280518
        }
    ],
    "210": [
        {
            "text": "empty",
            "probability": 0.12310574301037236,
            "start_logit": 0.0,
            "end_logit": 0.0
        },
        {
            "text": "",
            "probability": 0.8768942569896278,
            "start_logit": 0.9998160004615784,
            "end_logit": 0.963526725769043
        }
    ],
    "211": [
        {
            "text": "empty",
            "probability": 0.1783216916551745,
            "start_logit": 0.0,
            "end_logit": 0.0
        },
        {
            "text": "",
            "probability": 0.8216783083448255,
            "start_logit": 0.9476119875907898,
            "end_logit": 0.5801478028297424
        }
    ],
    "212": [
        {
            "text": "empty",
            "probability": 0.1198926001745535,
            "start_logit": 0.0,
            "end_logit": 0.0
        },
        {
            "text": "",
            "probability": 0.8801073998254466,
            "start_logit": 0.9998899698257446,
            "end_logit": 0.9935576319694519
        }
    ],
    "213": [
        {
            "text": "empty",
            "probability": 0.2130664611788219,
            "start_logit": 0.0,
            "end_logit": 0.0
        },
        {
            "text": "",
            "probability": 0.7869335388211781,
            "start_logit": 0.5781005024909973,
            "end_logit": 0.7284391522407532
        }
    ],
    "214": [
        {
            "text": "empty",
            "probability": 0.12011857909276741,
            "start_logit": 0.0,
            "end_logit": 0.0
        },
        {
            "text": "",
            "probability": 0.8798814209072326,
            "start_logit": 0.9994238615036011,
            "end_logit": 0.9918838739395142
        }
    ],
    "215": [
        {
            "text": "empty",
            "probability": 0.21249334685327861,
            "start_logit": 0.0,
            "end_logit": 0.0
        },
        {
            "text": "",
            "probability": 0.7875066531467213,
            "start_logit": 0.601257860660553,
            "end_logit": 0.7087032794952393
        }
    ],
    "216": [
        {
            "text": "empty",
            "probability": 0.12323242729218765,
            "start_logit": 0.0,
            "end_logit": 0.0
        },
        {
            "text": "",
            "probability": 0.8767675727078124,
            "start_logit": 0.9980083107948303,
            "end_logit": 0.9641613960266113
        }
    ],
    "217": [
        {
            "text": "empty",
            "probability": 0.13333259932632097,
            "start_logit": 0.0,
            "end_logit": 0.0
        },
        {
            "text": "",
            "probability": 0.8666674006736791,
            "start_logit": 0.9781036376953125,
            "end_logit": 0.893704891204834
        }
    ],
    "218": [
        {
            "text": "empty",
            "probability": 0.19450761725758048,
            "start_logit": 0.0,
            "end_logit": 0.0
        },
        {
            "text": "",
            "probability": 0.8054923827424195,
            "start_logit": 0.47343915700912476,
            "end_logit": 0.9475432634353638
        }
    ],
    "219": [
        {
            "text": "empty",
            "probability": 0.24190973838885446,
            "start_logit": 0.0,
            "end_logit": 0.0
        },
        {
            "text": "",
            "probability": 0.7580902616111455,
            "start_logit": 0.6218982934951782,
            "end_logit": 0.5203394889831543
        }
    ],
    "220": [
        {
            "text": "empty",
            "probability": 0.20817151108563953,
            "start_logit": 0.0,
            "end_logit": 0.0
        },
        {
            "text": "",
            "probability": 0.7918284889143605,
            "start_logit": 0.631869375705719,
            "end_logit": 0.7041131258010864
        }
    ],
    "221": [
        {
            "text": "empty",
            "probability": 0.22619937672440282,
            "start_logit": 0.0,
            "end_logit": 0.0
        },
        {
            "text": "",
            "probability": 0.7738006232755972,
            "start_logit": 0.5968719720840454,
            "end_logit": 0.6330254673957825
        }
    ],
    "222": [
        {
            "text": "empty",
            "probability": 0.24774986663401857,
            "start_logit": 0.0,
            "end_logit": 0.0
        },
        {
            "text": "",
            "probability": 0.7522501333659813,
            "start_logit": 0.611368715763092,
            "end_logit": 0.49928054213523865
        }
    ],
    "223": [
        {
            "text": "empty",
            "probability": 0.13155716195488762,
            "start_logit": 0.0,
            "end_logit": 0.0
        },
        {
            "text": "",
            "probability": 0.8684428380451125,
            "start_logit": 0.9832221865653992,
            "end_logit": 0.90403813123703
        }
    ],
    "224": [
        {
            "text": "empty",
            "probability": 0.3614103857741788,
            "start_logit": 0.0,
            "end_logit": 0.0
        },
        {
            "text": "",
            "probability": 0.6385896142258212,
            "start_logit": 0.24477943778038025,
            "end_logit": 0.3244684636592865
        }
    ],
    "225": [
        {
            "text": "empty",
            "probability": 0.12208420698363066,
            "start_logit": 0.0,
            "end_logit": 0.0
        },
        {
            "text": "",
            "probability": 0.8779157930163692,
            "start_logit": 0.9996581077575684,
            "end_logit": 0.9731815457344055
        }
    ],
    "226": [
        {
            "text": "empty",
            "probability": 0.24015314347407687,
            "start_logit": 0.0,
            "end_logit": 0.0
        },
        {
            "text": "",
            "probability": 0.7598468565259231,
            "start_logit": 0.6379005908966064,
            "end_logit": 0.5139394998550415
        }
    ],
    "227": [
        {
            "text": "empty",
            "probability": 0.15093549720650665,
            "start_logit": 0.0,
            "end_logit": 0.0
        },
        {
            "text": "",
            "probability": 0.8490645027934934,
            "start_logit": 0.9994230270385742,
            "end_logit": 0.7278595566749573
        }
    ],
    "228": [
        {
            "text": "empty",
            "probability": 0.2657412185709532,
            "start_logit": 0.0,
            "end_logit": 0.0
        },
        {
            "text": "",
            "probability": 0.7342587814290468,
            "start_logit": 0.3605521619319916,
            "end_logit": 0.655786395072937
        }
    ],
    "229": [
        {
            "text": "empty",
            "probability": 0.12232681588589256,
            "start_logit": 0.0,
            "end_logit": 0.0
        },
        {
            "text": "",
            "probability": 0.8776731841141076,
            "start_logit": 0.9917690753936768,
            "end_logit": 0.9788089394569397
        }
    ],
    "230": [
        {
            "text": "empty",
            "probability": 0.1257009722450555,
            "start_logit": 0.0,
            "end_logit": 0.0
        },
        {
            "text": "",
            "probability": 0.8742990277549445,
            "start_logit": 0.9985492825508118,
            "end_logit": 0.940967321395874
        }
    ],
    "231": [
        {
            "text": "empty",
            "probability": 0.18416020273289596,
            "start_logit": 0.0,
            "end_logit": 0.0
        },
        {
            "text": "",
            "probability": 0.8158397972671041,
            "start_logit": 0.9927901029586792,
            "end_logit": 0.49562186002731323
        }
    ],
    "232": [
        {
            "text": "empty",
            "probability": 0.20902603239893808,
            "start_logit": 0.0,
            "end_logit": 0.0
        },
        {
            "text": "",
            "probability": 0.7909739676010619,
            "start_logit": 0.5266520977020264,
            "end_logit": 0.8041541576385498
        }
    ],
    "233": [
        {
            "text": "empty",
            "probability": 0.13091835894029702,
            "start_logit": 0.0,
            "end_logit": 0.0
        },
        {
            "text": "",
            "probability": 0.869081641059703,
            "start_logit": 0.9307640790939331,
            "end_logit": 0.9620990753173828
        }
    ],
    "234": [
        {
            "text": "empty",
            "probability": 0.16121265710285884,
            "start_logit": 0.0,
            "end_logit": 0.0
        },
        {
            "text": "",
            "probability": 0.8387873428971411,
            "start_logit": 0.9120464324951172,
            "end_logit": 0.7371864318847656
        }
    ]
}
