{
    "4": [
        {
            "text": "empty",
            "probability": 0.17103967422921496,
            "start_logit": 0.0,
            "end_logit": 0.0
        },
        {
            "text": "",
            "probability": 0.828960325770785,
            "start_logit": 0.9058538675308228,
            "end_logit": 0.6724228858947754
        }
    ],
    "9": [
        {
            "text": "empty",
            "probability": 0.20779882490344734,
            "start_logit": 0.0,
            "end_logit": 0.0
        },
        {
            "text": "",
            "probability": 0.7922011750965527,
            "start_logit": 0.8511214852333069,
            "end_logit": 0.4871234595775604
        }
    ],
    "19": [
        {
            "text": "empty",
            "probability": 0.23384199257799843,
            "start_logit": 0.0,
            "end_logit": 0.0
        },
        {
            "text": "",
            "probability": 0.7661580074220016,
            "start_logit": 0.8231761455535889,
            "end_logit": 0.36356663703918457
        }
    ],
    "49": [
        {
            "text": "empty",
            "probability": 0.17256076415279112,
            "start_logit": 0.0,
            "end_logit": 0.0
        },
        {
            "text": "",
            "probability": 0.8274392358472088,
            "start_logit": 0.5694448351860046,
            "end_logit": 0.9981414079666138
        }
    ],
    "50": [
        {
            "text": "empty",
            "probability": 0.22221934198420001,
            "start_logit": 0.0,
            "end_logit": 0.0
        },
        {
            "text": "",
            "probability": 0.7777806580157999,
            "start_logit": 0.3951852023601532,
            "end_logit": 0.8575944304466248
        }
    ],
    "54": [
        {
            "text": "empty",
            "probability": 0.13114292337835431,
            "start_logit": 0.0,
            "end_logit": 0.0
        },
        {
            "text": "",
            "probability": 0.8688570766216457,
            "start_logit": 0.9195127487182617,
            "end_logit": 0.9713781476020813
        }
    ],
    "58": [
        {
            "text": "empty",
            "probability": 0.12805052930943994,
            "start_logit": 0.0,
            "end_logit": 0.0
        },
        {
            "text": "",
            "probability": 0.8719494706905601,
            "start_logit": 0.9861171841621399,
            "end_logit": 0.9321893453598022
        }
    ],
    "68": [
        {
            "text": "empty",
            "probability": 0.14761843314502046,
            "start_logit": 0.0,
            "end_logit": 0.0
        },
        {
            "text": "",
            "probability": 0.8523815668549796,
            "start_logit": 0.7642651796340942,
            "end_logit": 0.9891383051872253
        }
    ],
    "72": [
        {
            "text": "empty",
            "probability": 0.13668358798874602,
            "start_logit": 0.0,
            "end_logit": 0.0
        },
        {
            "text": "",
            "probability": 0.8633164120112541,
            "start_logit": 0.8466610908508301,
            "end_logit": 0.9964514970779419
        }
    ],
    "80": [
        {
            "text": "empty",
            "probability": 0.17376202105552688,
            "start_logit": 0.0,
            "end_logit": 0.0
        },
        {
            "text": "",
            "probability": 0.826237978944473,
            "start_logit": 0.5619141459465027,
            "end_logit": 0.9972820281982422
        }
    ],
    "88": [
        {
            "text": "empty",
            "probability": 0.11933979836006478,
            "start_logit": 0.0,
            "end_logit": 0.0
        },
        {
            "text": "",
            "probability": 0.8806602016399352,
            "start_logit": 0.9988343119621277,
            "end_logit": 0.9998626708984375
        }
    ],
    "89": [
        {
            "text": "empty",
            "probability": 0.11945420712196599,
            "start_logit": 0.0,
            "end_logit": 0.0
        },
        {
            "text": "",
            "probability": 0.880545792878034,
            "start_logit": 0.9989223480224609,
            "end_logit": 0.9986864924430847
        }
    ],
    "90": [
        {
            "text": "empty",
            "probability": 0.11933914687256286,
            "start_logit": 0.0,
            "end_logit": 0.0
        },
        {
            "text": "",
            "probability": 0.8806608531274371,
            "start_logit": 0.9996376037597656,
            "end_logit": 0.9990655779838562
        }
    ],
    "107": [
        {
            "text": "empty",
            "probability": 0.1634252713440111,
            "start_logit": 0.0,
            "end_logit": 0.0
        },
        {
            "text": "",
            "probability": 0.8365747286559888,
            "start_logit": 0.8638818264007568,
            "end_logit": 0.7690781950950623
        }
    ],
    "115": [
        {
            "text": "empty",
            "probability": 0.18561283126571312,
            "start_logit": 0.0,
            "end_logit": 0.0
        },
        {
            "text": "",
            "probability": 0.8143871687342868,
            "start_logit": 0.48018866777420044,
            "end_logit": 0.9985842704772949
        }
    ],
    "133": [
        {
            "text": "empty",
            "probability": 0.2445703732302997,
            "start_logit": 0.0,
            "end_logit": 0.0
        },
        {
            "text": "",
            "probability": 0.7554296267697003,
            "start_logit": 0.5968863368034363,
            "end_logit": 0.5308972001075745
        }
    ],
    "137": [
        {
            "text": "empty",
            "probability": 0.12503069516183876,
            "start_logit": 0.0,
            "end_logit": 0.0
        },
        {
            "text": "",
            "probability": 0.8749693048381613,
            "start_logit": 0.9857991933822632,
            "end_logit": 0.9598303437232971
        }
    ],
    "140": [
        {
            "text": "empty",
            "probability": 0.20492043372182103,
            "start_logit": 0.0,
            "end_logit": 0.0
        },
        {
            "text": "",
            "probability": 0.7950795662781791,
            "start_logit": 0.5963520407676697,
            "end_logit": 0.7594683766365051
        }
    ],
    "166": [
        {
            "text": "empty",
            "probability": 0.143037778966977,
            "start_logit": 0.0,
            "end_logit": 0.0
        },
        {
            "text": "",
            "probability": 0.8569622210330229,
            "start_logit": 0.9356091618537903,
            "end_logit": 0.8546758890151978
        }
    ],
    "200": [
        {
            "text": "empty",
            "probability": 0.12250987133037501,
            "start_logit": 0.0,
            "end_logit": 0.0
        },
        {
            "text": "",
            "probability": 0.877490128669625,
            "start_logit": 0.9740992784500122,
            "end_logit": 0.9947748184204102
        }
    ],
    "201": [
        {
            "text": "empty",
            "probability": 0.11929403884118771,
            "start_logit": 0.0,
            "end_logit": 0.0
        },
        {
            "text": "",
            "probability": 0.8807059611588123,
            "start_logit": 0.9999392032623291,
            "end_logit": 0.9991932511329651
        }
    ],
    "202": [
        {
            "text": "empty",
            "probability": 0.12733531553917396,
            "start_logit": 0.0,
            "end_logit": 0.0
        },
        {
            "text": "",
            "probability": 0.872664684460826,
            "start_logit": 0.9305383563041687,
            "end_logit": 0.9941891431808472
        }
    ],
    "203": [
        {
            "text": "empty",
            "probability": 0.2422645343395567,
            "start_logit": 0.0,
            "end_logit": 0.0
        },
        {
            "text": "",
            "probability": 0.7577354656604434,
            "start_logit": 0.6983464956283569,
            "end_logit": 0.44195759296417236
        }
    ],
    "204": [
        {
            "text": "empty",
            "probability": 0.12418097425671606,
            "start_logit": 0.0,
            "end_logit": 0.0
        },
        {
            "text": "",
            "probability": 0.8758190257432841,
            "start_logit": 0.9591072201728821,
            "end_logit": 0.9943122863769531
        }
    ],
    "205": [
        {
            "text": "empty",
            "probability": 0.12009997755510213,
            "start_logit": 0.0,
            "end_logit": 0.0
        },
        {
            "text": "",
            "probability": 0.879900022444898,
            "start_logit": 0.9952032566070557,
            "end_logit": 0.9962804913520813
        }
    ],
    "206": [
        {
            "text": "empty",
            "probability": 0.13924205829406833,
            "start_logit": 0.0,
            "end_logit": 0.0
        },
        {
            "text": "",
            "probability": 0.8607579417059317,
            "start_logit": 0.8316301703453064,
            "end_logit": 0.9899693131446838
        }
    ],
    "207": [
        {
            "text": "empty",
            "probability": 0.12101501634146136,
            "start_logit": 0.0,
            "end_logit": 0.0
        },
        {
            "text": "",
            "probability": 0.8789849836585387,
            "start_logit": 0.9840802550315857,
            "end_logit": 0.998772919178009
        }
    ],
    "208": [
        {
            "text": "empty",
            "probability": 0.1235708515405862,
            "start_logit": 0.0,
            "end_logit": 0.0
        },
        {
            "text": "",
            "probability": 0.8764291484594139,
            "start_logit": 0.9991993308067322,
            "end_logit": 0.9598418474197388
        }
    ],
    "209": [
        {
            "text": "empty",
            "probability": 0.15686026079639034,
            "start_logit": 0.0,
            "end_logit": 0.0
        },
        {
            "text": "",
            "probability": 0.8431397392036096,
            "start_logit": 0.7128933072090149,
            "end_logit": 0.9688840508460999
        }
    ],
    "210": [
        {
            "text": "empty",
            "probability": 0.1209193314503216,
            "start_logit": 0.0,
            "end_logit": 0.0
        },
        {
            "text": "",
            "probability": 0.8790806685496785,
            "start_logit": 0.9903817772865295,
            "end_logit": 0.9933712482452393
        }
    ],
    "211": [
        {
            "text": "empty",
            "probability": 0.17800381512910002,
            "start_logit": 0.0,
            "end_logit": 0.0
        },
        {
            "text": "",
            "probability": 0.8219961848709001,
            "start_logit": 0.5602092742919922,
            "end_logit": 0.9697214961051941
        }
    ],
    "212": [
        {
            "text": "empty",
            "probability": 0.11969343891201426,
            "start_logit": 0.0,
            "end_logit": 0.0
        },
        {
            "text": "",
            "probability": 0.8803065610879857,
            "start_logit": 0.9992959499359131,
            "end_logit": 0.9960404634475708
        }
    ],
    "213": [
        {
            "text": "empty",
            "probability": 0.14335749666507247,
            "start_logit": 0.0,
            "end_logit": 0.0
        },
        {
            "text": "",
            "probability": 0.8566425033349276,
            "start_logit": 0.813450813293457,
            "end_logit": 0.9742283821105957
        }
    ],
    "214": [
        {
            "text": "empty",
            "probability": 0.12008087467092704,
            "start_logit": 0.0,
            "end_logit": 0.0
        },
        {
            "text": "",
            "probability": 0.8799191253290729,
            "start_logit": 0.9958821535110474,
            "end_logit": 0.9957823753356934
        }
    ],
    "215": [
        {
            "text": "empty",
            "probability": 0.14064554548282682,
            "start_logit": 0.0,
            "end_logit": 0.0
        },
        {
            "text": "",
            "probability": 0.8593544545171732,
            "start_logit": 0.865477442741394,
            "end_logit": 0.9444611668586731
        }
    ],
    "216": [
        {
            "text": "empty",
            "probability": 0.12137266994806338,
            "start_logit": 0.0,
            "end_logit": 0.0
        },
        {
            "text": "",
            "probability": 0.8786273300519366,
            "start_logit": 0.9797413349151611,
            "end_logit": 0.9997537732124329
        }
    ],
    "217": [
        {
            "text": "empty",
            "probability": 0.15106919796166232,
            "start_logit": 0.0,
            "end_logit": 0.0
        },
        {
            "text": "",
            "probability": 0.8489308020383377,
            "start_logit": 0.83743816614151,
            "end_logit": 0.8888015151023865
        }
    ],
    "218": [
        {
            "text": "empty",
            "probability": 0.1306755064450441,
            "start_logit": 0.0,
            "end_logit": 0.0
        },
        {
            "text": "",
            "probability": 0.8693244935549559,
            "start_logit": 0.9304208159446716,
            "end_logit": 0.9645784497261047
        }
    ],
    "219": [
        {
            "text": "empty",
            "probability": 0.16606083655347886,
            "start_logit": 0.0,
            "end_logit": 0.0
        },
        {
            "text": "",
            "probability": 0.8339391634465212,
            "start_logit": 0.6139883399009705,
            "end_logit": 0.9998179078102112
        }
    ],
    "220": [
        {
            "text": "empty",
            "probability": 0.13386065985372064,
            "start_logit": 0.0,
            "end_logit": 0.0
        },
        {
            "text": "",
            "probability": 0.8661393401462795,
            "start_logit": 0.874025821685791,
            "end_logit": 0.9932205677032471
        }
    ],
    "221": [
        {
            "text": "empty",
            "probability": 0.12005413630047763,
            "start_logit": 0.0,
            "end_logit": 0.0
        },
        {
            "text": "",
            "probability": 0.8799458636995223,
            "start_logit": 0.9995720982551575,
            "end_logit": 0.9923455119132996
        }
    ],
    "222": [
        {
            "text": "empty",
            "probability": 0.19032041309901374,
            "start_logit": 0.0,
            "end_logit": 0.0
        },
        {
            "text": "",
            "probability": 0.8096795869009862,
            "start_logit": 0.5547820925712585,
            "end_logit": 0.8931474685668945
        }
    ],
    "223": [
        {
            "text": "empty",
            "probability": 0.15588020057227095,
            "start_logit": 0.0,
            "end_logit": 0.0
        },
        {
            "text": "",
            "probability": 0.844119799427729,
            "start_logit": 0.7411458492279053,
            "end_logit": 0.9480608105659485
        }
    ],
    "224": [
        {
            "text": "empty",
            "probability": 0.13228757468049487,
            "start_logit": 0.0,
            "end_logit": 0.0
        },
        {
            "text": "",
            "probability": 0.8677124253195052,
            "start_logit": 0.9972376823425293,
            "end_logit": 0.8836445212364197
        }
    ],
    "225": [
        {
            "text": "empty",
            "probability": 0.1195836578216514,
            "start_logit": 0.0,
            "end_logit": 0.0
        },
        {
            "text": "",
            "probability": 0.8804163421783485,
            "start_logit": 0.9991508722305298,
            "end_logit": 0.9972278475761414
        }
    ],
    "226": [
        {
            "text": "empty",
            "probability": 0.12943877484046365,
            "start_logit": 0.0,
            "end_logit": 0.0
        },
        {
            "text": "",
            "probability": 0.8705612251595365,
            "start_logit": 0.9063680171966553,
            "end_logit": 0.9995620846748352
        }
    ],
    "227": [
        {
            "text": "empty",
            "probability": 0.1464153278741873,
            "start_logit": 0.0,
            "end_logit": 0.0
        },
        {
            "text": "",
            "probability": 0.8535846721258128,
            "start_logit": 0.7643076181411743,
            "end_logit": 0.9986898303031921
        }
    ],
    "228": [
        {
            "text": "empty",
            "probability": 0.265304790688319,
            "start_logit": 0.0,
            "end_logit": 0.0
        },
        {
            "text": "",
            "probability": 0.734695209311681,
            "start_logit": 0.46367618441581726,
            "end_logit": 0.5549002289772034
        }
    ],
    "229": [
        {
            "text": "empty",
            "probability": 0.15683983697545842,
            "start_logit": 0.0,
            "end_logit": 0.0
        },
        {
            "text": "",
            "probability": 0.8431601630245417,
            "start_logit": 0.9933974742889404,
            "end_logit": 0.6885343194007874
        }
    ],
    "230": [
        {
            "text": "empty",
            "probability": 0.22679203825661268,
            "start_logit": 0.0,
            "end_logit": 0.0
        },
        {
            "text": "",
            "probability": 0.7732079617433872,
            "start_logit": 0.6844144463539124,
            "end_logit": 0.5421001315116882
        }
    ],
    "231": [
        {
            "text": "empty",
            "probability": 0.16236230745492272,
            "start_logit": 0.0,
            "end_logit": 0.0
        },
        {
            "text": "",
            "probability": 0.8376376925450774,
            "start_logit": 0.6499713063240051,
            "end_logit": 0.9907840490341187
        }
    ],
    "232": [
        {
            "text": "empty",
            "probability": 0.1606741038073444,
            "start_logit": 0.0,
            "end_logit": 0.0
        },
        {
            "text": "",
            "probability": 0.8393258961926556,
            "start_logit": 0.676676332950592,
            "end_logit": 0.9765446186065674
        }
    ],
    "233": [
        {
            "text": "empty",
            "probability": 0.12176352094500538,
            "start_logit": 0.0,
            "end_logit": 0.0
        },
        {
            "text": "",
            "probability": 0.8782364790549946,
            "start_logit": 0.983944296836853,
            "end_logit": 0.9918907880783081
        }
    ],
    "234": [
        {
            "text": "empty",
            "probability": 0.15576692816766663,
            "start_logit": 0.0,
            "end_logit": 0.0
        },
        {
            "text": "",
            "probability": 0.8442330718323334,
            "start_logit": 0.8391181826591492,
            "end_logit": 0.8509495854377747
        }
    ]
}
