{
    "4": [
        {
            "text": "empty",
            "probability": 0.12135704062582445,
            "start_logit": 0.0,
            "end_logit": 0.0
        },
        {
            "text": "",
            "probability": 0.8786429593741756,
            "start_logit": 0.985715925693512,
            "end_logit": 0.9939257502555847
        }
    ],
    "9": [
        {
            "text": "empty",
            "probability": 0.12269979652257289,
            "start_logit": 0.0,
            "end_logit": 0.0
        },
        {
            "text": "",
            "probability": 0.8773002034774272,
            "start_logit": 0.9710790514945984,
            "end_logit": 0.9960294961929321
        }
    ],
    "19": [
        {
            "text": "empty",
            "probability": 0.11936416870669167,
            "start_logit": 0.0,
            "end_logit": 0.0
        },
        {
            "text": "",
            "probability": 0.8806358312933084,
            "start_logit": 0.9996730089187622,
            "end_logit": 0.9987921118736267
        }
    ],
    "49": [
        {
            "text": "empty",
            "probability": 0.11962505014231757,
            "start_logit": 0.0,
            "end_logit": 0.0
        },
        {
            "text": "",
            "probability": 0.8803749498576824,
            "start_logit": 0.999958872795105,
            "end_logit": 0.9960267543792725
        }
    ],
    "50": [
        {
            "text": "empty",
            "probability": 0.119420763341051,
            "start_logit": 0.0,
            "end_logit": 0.0
        },
        {
            "text": "",
            "probability": 0.8805792366589491,
            "start_logit": 0.9995675683021545,
            "end_logit": 0.9983592629432678
        }
    ],
    "54": [
        {
            "text": "empty",
            "probability": 0.12053582250477586,
            "start_logit": 0.0,
            "end_logit": 0.0
        },
        {
            "text": "",
            "probability": 0.8794641774952241,
            "start_logit": 0.9991244673728943,
            "end_logit": 0.9882413744926453
        }
    ],
    "58": [
        {
            "text": "empty",
            "probability": 0.11923640695160777,
            "start_logit": 0.0,
            "end_logit": 0.0
        },
        {
            "text": "",
            "probability": 0.8807635930483924,
            "start_logit": 0.9996826648712158,
            "end_logit": 0.9999984502792358
        }
    ],
    "68": [
        {
            "text": "empty",
            "probability": 0.1257501948867839,
            "start_logit": 0.0,
            "end_logit": 0.0
        },
        {
            "text": "",
            "probability": 0.8742498051132161,
            "start_logit": 0.939087986946106,
            "end_logit": 0.9999808073043823
        }
    ],
    "72": [
        {
            "text": "empty",
            "probability": 0.1330360982330382,
            "start_logit": 0.0,
            "end_logit": 0.0
        },
        {
            "text": "",
            "probability": 0.8669639017669618,
            "start_logit": 0.874387800693512,
            "end_logit": 0.9999890327453613
        }
    ],
    "80": [
        {
            "text": "empty",
            "probability": 0.12230237894002785,
            "start_logit": 0.0,
            "end_logit": 0.0
        },
        {
            "text": "",
            "probability": 0.8776976210599722,
            "start_logit": 0.9732306599617004,
            "end_logit": 0.9975749850273132
        }
    ],
    "88": [
        {
            "text": "empty",
            "probability": 0.11925586323945864,
            "start_logit": 0.0,
            "end_logit": 0.0
        },
        {
            "text": "",
            "probability": 0.8807441367605413,
            "start_logit": 0.9994972944259644,
            "end_logit": 0.9999985694885254
        }
    ],
    "89": [
        {
            "text": "empty",
            "probability": 0.11923199398636028,
            "start_logit": 0.0,
            "end_logit": 0.0
        },
        {
            "text": "",
            "probability": 0.8807680060136398,
            "start_logit": 0.9997300505638123,
            "end_logit": 0.999993085861206
        }
    ],
    "90": [
        {
            "text": "empty",
            "probability": 0.11922540922845716,
            "start_logit": 0.0,
            "end_logit": 0.0
        },
        {
            "text": "",
            "probability": 0.8807745907715427,
            "start_logit": 0.9998006224632263,
            "end_logit": 0.9999852180480957
        }
    ],
    "107": [
        {
            "text": "empty",
            "probability": 0.1319998726604093,
            "start_logit": 0.0,
            "end_logit": 0.0
        },
        {
            "text": "",
            "probability": 0.8680001273395906,
            "start_logit": 0.8833954334259033,
            "end_logit": 0.9999954700469971
        }
    ],
    "115": [
        {
            "text": "empty",
            "probability": 0.1446242477580454,
            "start_logit": 0.0,
            "end_logit": 0.0
        },
        {
            "text": "",
            "probability": 0.8553757522419547,
            "start_logit": 0.8092700242996216,
            "end_logit": 0.9681318402290344
        }
    ],
    "133": [
        {
            "text": "empty",
            "probability": 0.1788587673351551,
            "start_logit": 0.0,
            "end_logit": 0.0
        },
        {
            "text": "",
            "probability": 0.8211412326648448,
            "start_logit": 0.567114531993866,
            "end_logit": 0.9569841027259827
        }
    ],
    "137": [
        {
            "text": "empty",
            "probability": 0.11920781594737309,
            "start_logit": 0.0,
            "end_logit": 0.0
        },
        {
            "text": "",
            "probability": 0.8807921840526269,
            "start_logit": 0.9999550580978394,
            "end_logit": 0.9999983310699463
        }
    ],
    "140": [
        {
            "text": "empty",
            "probability": 0.1281118483602456,
            "start_logit": 0.0,
            "end_logit": 0.0
        },
        {
            "text": "",
            "probability": 0.8718881516397543,
            "start_logit": 0.9223712682723999,
            "end_logit": 0.9953861832618713
        }
    ],
    "166": [
        {
            "text": "empty",
            "probability": 0.12044415844000363,
            "start_logit": 0.0,
            "end_logit": 0.0
        },
        {
            "text": "",
            "probability": 0.8795558415599962,
            "start_logit": 0.9936127066612244,
            "end_logit": 0.9946181178092957
        }
    ],
    "200": [
        {
            "text": "empty",
            "probability": 0.1194914404783435,
            "start_logit": 0.0,
            "end_logit": 0.0
        },
        {
            "text": "",
            "probability": 0.8805085595216565,
            "start_logit": 0.997462272644043,
            "end_logit": 0.9997926354408264
        }
    ],
    "201": [
        {
            "text": "empty",
            "probability": 0.11922662350427247,
            "start_logit": 0.0,
            "end_logit": 0.0
        },
        {
            "text": "",
            "probability": 0.8807733764957275,
            "start_logit": 0.9997950196266174,
            "end_logit": 0.9999792575836182
        }
    ],
    "202": [
        {
            "text": "empty",
            "probability": 0.1193313104705563,
            "start_logit": 0.0,
            "end_logit": 0.0
        },
        {
            "text": "",
            "probability": 0.8806686895294437,
            "start_logit": 0.9987940788269043,
            "end_logit": 0.9999836683273315
        }
    ],
    "203": [
        {
            "text": "empty",
            "probability": 0.11933496239151992,
            "start_logit": 0.0,
            "end_logit": 0.0
        },
        {
            "text": "",
            "probability": 0.8806650376084801,
            "start_logit": 0.9988226294517517,
            "end_logit": 0.9999203681945801
        }
    ],
    "204": [
        {
            "text": "empty",
            "probability": 0.11924103289230989,
            "start_logit": 0.0,
            "end_logit": 0.0
        },
        {
            "text": "",
            "probability": 0.8807589671076901,
            "start_logit": 0.9997017979621887,
            "end_logit": 0.9999352693557739
        }
    ],
    "205": [
        {
            "text": "empty",
            "probability": 0.1192335463325026,
            "start_logit": 0.0,
            "end_logit": 0.0
        },
        {
            "text": "",
            "probability": 0.8807664536674974,
            "start_logit": 0.9999963045120239,
            "end_logit": 0.9997120499610901
        }
    ],
    "206": [
        {
            "text": "empty",
            "probability": 0.1374013180838649,
            "start_logit": 0.0,
            "end_logit": 0.0
        },
        {
            "text": "",
            "probability": 0.8625986819161352,
            "start_logit": 0.8370785117149353,
            "end_logit": 0.9999650716781616
        }
    ],
    "207": [
        {
            "text": "empty",
            "probability": 0.11921915650322654,
            "start_logit": 0.0,
            "end_logit": 0.0
        },
        {
            "text": "",
            "probability": 0.8807808434967734,
            "start_logit": 0.9998483657836914,
            "end_logit": 0.9999970197677612
        }
    ],
    "208": [
        {
            "text": "empty",
            "probability": 0.11921387414151127,
            "start_logit": 0.0,
            "end_logit": 0.0
        },
        {
            "text": "",
            "probability": 0.8807861258584888,
            "start_logit": 0.9999159574508667,
            "end_logit": 0.9999797344207764
        }
    ],
    "209": [
        {
            "text": "empty",
            "probability": 0.11936455716349709,
            "start_logit": 0.0,
            "end_logit": 0.0
        },
        {
            "text": "",
            "probability": 0.8806354428365029,
            "start_logit": 0.9984709620475769,
            "end_logit": 0.9999904632568359
        }
    ],
    "210": [
        {
            "text": "empty",
            "probability": 0.11946760571122313,
            "start_logit": 0.0,
            "end_logit": 0.0
        },
        {
            "text": "",
            "probability": 0.8805323942887769,
            "start_logit": 0.9977748990058899,
            "end_logit": 0.9997065663337708
        }
    ],
    "211": [
        {
            "text": "empty",
            "probability": 0.12046372801018806,
            "start_logit": 0.0,
            "end_logit": 0.0
        },
        {
            "text": "",
            "probability": 0.879536271989812,
            "start_logit": 0.9881032109260559,
            "end_logit": 0.9999428987503052
        }
    ],
    "212": [
        {
            "text": "empty",
            "probability": 0.11985054314331203,
            "start_logit": 0.0,
            "end_logit": 0.0
        },
        {
            "text": "",
            "probability": 0.880149456856688,
            "start_logit": 0.9999992847442627,
            "end_logit": 0.9938469529151917
        }
    ],
    "213": [
        {
            "text": "empty",
            "probability": 0.17537206288760074,
            "start_logit": 0.0,
            "end_logit": 0.0
        },
        {
            "text": "",
            "probability": 0.8246279371123992,
            "start_logit": 0.548581063747406,
            "end_logit": 0.9994414448738098
        }
    ],
    "214": [
        {
            "text": "empty",
            "probability": 0.11920682713517128,
            "start_logit": 0.0,
            "end_logit": 0.0
        },
        {
            "text": "",
            "probability": 0.8807931728648286,
            "start_logit": 0.9999963045120239,
            "end_logit": 0.9999665021896362
        }
    ],
    "215": [
        {
            "text": "empty",
            "probability": 0.13340800231479438,
            "start_logit": 0.0,
            "end_logit": 0.0
        },
        {
            "text": "",
            "probability": 0.8665919976852057,
            "start_logit": 0.9292371869087219,
            "end_logit": 0.9419189691543579
        }
    ],
    "216": [
        {
            "text": "empty",
            "probability": 0.12555659679155542,
            "start_logit": 0.0,
            "end_logit": 0.0
        },
        {
            "text": "",
            "probability": 0.8744434032084445,
            "start_logit": 0.9409307241439819,
            "end_logit": 0.999900221824646
        }
    ],
    "217": [
        {
            "text": "empty",
            "probability": 0.14729026264372042,
            "start_logit": 0.0,
            "end_logit": 0.0
        },
        {
            "text": "",
            "probability": 0.8527097373562796,
            "start_logit": 0.7560677528381348,
            "end_logit": 0.9999462366104126
        }
    ],
    "218": [
        {
            "text": "empty",
            "probability": 0.15763368913369888,
            "start_logit": 0.0,
            "end_logit": 0.0
        },
        {
            "text": "",
            "probability": 0.8423663108663012,
            "start_logit": 0.9937469959259033,
            "end_logit": 0.6821940541267395
        }
    ],
    "219": [
        {
            "text": "empty",
            "probability": 0.14805158853187297,
            "start_logit": 0.0,
            "end_logit": 0.0
        },
        {
            "text": "",
            "probability": 0.8519484114681269,
            "start_logit": 0.8033982515335083,
            "end_logit": 0.9465669393539429
        }
    ],
    "220": [
        {
            "text": "empty",
            "probability": 0.12149939566069778,
            "start_logit": 0.0,
            "end_logit": 0.0
        },
        {
            "text": "",
            "probability": 0.8785006043393023,
            "start_logit": 0.9798794388771057,
            "end_logit": 0.9984278678894043
        }
    ],
    "221": [
        {
            "text": "empty",
            "probability": 0.11934787956640246,
            "start_logit": 0.0,
            "end_logit": 0.0
        },
        {
            "text": "",
            "probability": 0.8806521204335975,
            "start_logit": 0.9986433386802673,
            "end_logit": 0.9999767541885376
        }
    ],
    "222": [
        {
            "text": "empty",
            "probability": 0.12406632945932015,
            "start_logit": 0.0,
            "end_logit": 0.0
        },
        {
            "text": "",
            "probability": 0.8759336705406798,
            "start_logit": 0.9667406678199768,
            "end_logit": 0.9877333641052246
        }
    ],
    "223": [
        {
            "text": "empty",
            "probability": 0.19875377335251265,
            "start_logit": 0.0,
            "end_logit": 0.0
        },
        {
            "text": "",
            "probability": 0.8012462266474875,
            "start_logit": 0.5463457107543945,
            "end_logit": 0.8477558493614197
        }
    ],
    "224": [
        {
            "text": "empty",
            "probability": 0.11926710130988628,
            "start_logit": 0.0,
            "end_logit": 0.0
        },
        {
            "text": "",
            "probability": 0.8807328986901137,
            "start_logit": 0.999433696269989,
            "end_logit": 0.9999551773071289
        }
    ],
    "225": [
        {
            "text": "empty",
            "probability": 0.11920705243353012,
            "start_logit": 0.0,
            "end_logit": 0.0
        },
        {
            "text": "",
            "probability": 0.88079294756647,
            "start_logit": 1.0,
            "end_logit": 0.9999606609344482
        }
    ],
    "226": [
        {
            "text": "empty",
            "probability": 0.15599971622624934,
            "start_logit": 0.0,
            "end_logit": 0.0
        },
        {
            "text": "",
            "probability": 0.8440002837737506,
            "start_logit": 0.6883106827735901,
            "end_logit": 0.9999879598617554
        }
    ],
    "227": [
        {
            "text": "empty",
            "probability": 0.19614314897906987,
            "start_logit": 0.0,
            "end_logit": 0.0
        },
        {
            "text": "",
            "probability": 0.8038568510209302,
            "start_logit": 0.5715630650520325,
            "end_logit": 0.839013397693634
        }
    ],
    "228": [
        {
            "text": "empty",
            "probability": 0.16614180254549968,
            "start_logit": 0.0,
            "end_logit": 0.0
        },
        {
            "text": "",
            "probability": 0.8338581974545004,
            "start_logit": 0.8381561040878296,
            "end_logit": 0.7750656008720398
        }
    ],
    "229": [
        {
            "text": "empty",
            "probability": 0.12747198430952825,
            "start_logit": 0.0,
            "end_logit": 0.0
        },
        {
            "text": "",
            "probability": 0.8725280156904719,
            "start_logit": 0.9852592945098877,
            "end_logit": 0.9382388591766357
        }
    ],
    "230": [
        {
            "text": "empty",
            "probability": 0.19771927951146467,
            "start_logit": 0.0,
            "end_logit": 0.0
        },
        {
            "text": "",
            "probability": 0.8022807204885354,
            "start_logit": 0.852432906627655,
            "end_logit": 0.5481774210929871
        }
    ],
    "231": [
        {
            "text": "empty",
            "probability": 0.12461134463593825,
            "start_logit": 0.0,
            "end_logit": 0.0
        },
        {
            "text": "",
            "probability": 0.8753886553640616,
            "start_logit": 0.9494991898536682,
            "end_logit": 0.9999691247940063
        }
    ],
    "232": [
        {
            "text": "empty",
            "probability": 0.13658728685367583,
            "start_logit": 0.0,
            "end_logit": 0.0
        },
        {
            "text": "",
            "probability": 0.8634127131463242,
            "start_logit": 0.8440823554992676,
            "end_logit": 0.9998465776443481
        }
    ],
    "233": [
        {
            "text": "empty",
            "probability": 0.11954838213215402,
            "start_logit": 0.0,
            "end_logit": 0.0
        },
        {
            "text": "",
            "probability": 0.8804516178678461,
            "start_logit": 0.9967170357704163,
            "end_logit": 0.9999967813491821
        }
    ],
    "234": [
        {
            "text": "empty",
            "probability": 0.14715302058159374,
            "start_logit": 0.0,
            "end_logit": 0.0
        },
        {
            "text": "",
            "probability": 0.8528469794184061,
            "start_logit": 0.8093680739402771,
            "end_logit": 0.9477390646934509
        }
    ]
}
