{
    "4": "50,000 rupees",
    "9": "512 MB",
    "19": "Android Tv",
    "49": "Microsoft",
    "50": "Joe Belfear",
    "54": "2",
    "58": "Android",
    "68": "8 GB",
    "72": "Android",
    "80": "Android",
    "88": "Amazon",
    "89": "Amazon",
    "90": "Amazon",
    "107": "2.78 Crore",
    "115": "14 May",
    "133": "",
    "137": "Microsoft Edge",
    "140": "Microsoft Edge",
    "166": "8 Megapixel",
    "200": "France",
    "201": "carrot",
    "202": "1903",
    "203": "1945",
    "204": "Japan",
    "205": "Nadal",
    "206": "Rowling",
    "207": "marble",
    "208": "red sandstone and white marble",
    "209": "Paris",
    "210": "Qin Shi Huang",
    "211": "DeGeneres",
    "212": "ABC",
    "213": "tennis",
    "214": "1912",
    "215": "tennis",
    "216": "2002",
    "217": "Mumtaz",
    "218": "Mumtaz",
    "219": "Nadal",
    "220": "Nadal",
    "221": "1945",
    "222": "1903",
    "223": "Rabbit",
    "224": "Rabbit",
    "225": "Indian",
    "226": "India",
    "227": "Hogwarts School of Witchcraft and Wizardry",
    "228": "Nepal",
    "229": "Tsugumi Ohba",
    "230": "dinosaurs",
    "231": "dinosaurs",
    "232": "Steven Spielberg",
    "233": "dinosaurs",
    "234": "Emaar Properties",
    "235": "1887",
    "236": "1912",
    "237": "1930",
    "238": "1930",
    "239": "1999",
    "240": "1997",
    "241": "1910",
    "242": "1903",
    "243": "1903",
    "244": "dinosaurs",
    "245": "Djokovic",
    "246": "1998",
    "247": "carrot",
    "248": "carrot",
    "249": "six",
    "250": "six"
}
