{
    "4": "RBI",
    "9": "inch",
    "19": "inch",
    "49": "Microsoft",
    "50": "Microsoft",
    "54": "296",
    "58": "Kevin Bharti Mittal",
    "68": "1.2",
    "72": "Yu Yunique",
    "80": "Google",
    "88": "Amazon",
    "89": "Amazon",
    "90": "Amazon",
    "107": "2.78 Crore",
    "115": "Mark Zuckerberg ka bahut bada haath hain. Facebook ke co-founder Mark Zuckerberg aaj (14 May",
    "133": "2012",
    "137": "Microsoft Edge",
    "140": "Microsoft Edge",
    "166": "Yunique",
    "200": "Paris",
    "201": "carrot",
    "202": "1903",
    "203": "1945",
    "204": "six",
    "205": "Nadal",
    "206": "Hogwarts",
    "207": "Shah Jahan",
    "208": "marble",
    "209": "Paris",
    "210": "Qin Shi Huang",
    "211": "Neal Marlens and Carol Black cast DeGeneres",
    "212": "ABC",
    "213": "Nadal",
    "214": "1912",
    "215": "tennis",
    "216": "tennis",
    "217": "Shah Jahan commissioned the mausoleum upon the death of his favorite wife Mumtaz",
    "218": "Shah Jahan",
    "219": "Nadal",
    "220": "Nadal",
    "221": "1939",
    "222": "1903",
    "223": "Rabbit",
    "224": "Rabbit , Duck ! \" \u2014 compose what is often referred to as the \" Rabbit",
    "225": "Indian",
    "226": "India",
    "227": "Hogwarts School of Witchcraft and Wizardry",
    "228": "Nepal",
    "229": "Tsugumi",
    "230": "television",
    "231": "dinosaurs",
    "232": "dinosaurs",
    "233": "television",
    "234": "Emaar Properties",
    "235": "1887",
    "236": "1912",
    "237": "1930",
    "238": "1930",
    "239": "1999",
    "240": "1997",
    "241": "1910",
    "242": "1903",
    "243": "1903",
    "244": "dinosaurs",
    "245": "London in November . Of the five meetings ( all in championship matches ) that took place between the pair in 2016",
    "246": "tennis",
    "247": "carrot",
    "248": "carrot",
    "249": "six",
    "250": "six"
}
