{
    "4": "RBI",
    "9": "1998",
    "19": "1998",
    "49": "Microsoft",
    "50": "Joe Belfear",
    "54": "296",
    "58": "Kevin Bharti Mittal",
    "68": "Black",
    "72": "Android",
    "80": "Apple",
    "88": "Amazon",
    "89": "Amazon",
    "90": "Amazon",
    "107": "2.78 Crore",
    "115": "Mark Zuckerberg ka bahut bada haath hain. Facebook ke co-founder Mark Zuckerberg aaj (14 May",
    "133": "2012",
    "137": "Microsoft Edge",
    "140": "Microsoft Edge",
    "166": "Android",
    "200": "Paris",
    "201": "carrot",
    "202": "Japanese",
    "203": "Japan",
    "204": "1903",
    "205": "Agra",
    "206": "2003",
    "207": "video games",
    "208": "Ryuk",
    "209": "Rabbit",
    "210": "Indian",
    "211": "Hogwarts School of Witchcraft and Wizardry",
    "212": "Mumtaz",
    "213": "1979",
    "214": "Tsugumi Ohba",
    "215": "Steven Spielberg",
    "216": "dinosaurs",
    "217": "dinosaurs",
    "218": "Steven Spielberg",
    "219": "Argentine",
    "220": "1993",
    "221": "Steven Spielberg",
    "222": "dinosaurs and cloning until he began writing the novel \" Jurassic Park \" . Even before publication , Steven Spielberg",
    "223": "dinosaurs",
    "224": "Tim Cook",
    "225": "1912",
    "226": "Emaar Properties",
    "227": "Ontario",
    "228": "1998",
    "229": "1997",
    "230": "1903",
    "231": "Taiwan",
    "232": "1937",
    "233": "2016",
    "234": "6"
}
