{
    "4": "",
    "9": "",
    "19": "",
    "49": "",
    "50": "",
    "54": "",
    "58": "",
    "68": "",
    "72": "",
    "80": "",
    "88": "",
    "89": "",
    "90": "",
    "107": "",
    "115": "",
    "133": "",
    "137": "",
    "140": "",
    "166": "",
    "200": "",
    "201": "",
    "202": "",
    "203": "",
    "204": "",
    "205": "",
    "206": "",
    "207": "",
    "208": "",
    "209": "",
    "210": "",
    "211": "",
    "212": "",
    "213": "",
    "214": "",
    "215": "",
    "216": "",
    "217": "",
    "218": "",
    "219": "",
    "220": "",
    "221": "",
    "222": "",
    "223": "",
    "224": "",
    "225": "",
    "226": "",
    "227": "",
    "228": "",
    "229": "",
    "230": "",
    "231": "",
    "232": "",
    "233": ""
}
