{
    "4": "Real Time Gross Settlement",
    "9": "50 inch",
    "19": "50 inch",
    "49": "Microsoft",
    "50": "Microsoft",
    "54": "296",
    "58": "Kevin Bharti Mittal",
    "68": "Yu Yunique",
    "72": "Yu Yunique",
    "80": "Apple",
    "88": "Amazon",
    "89": "Amazon",
    "90": "Amazon",
    "107": "BSNL",
    "115": "14 May) ko apna 31st Birthday mana rahe hain. Is saal 4 February ko bhi Facebook ne apne 11",
    "133": "2012",
    "137": "Microsoft Edge",
    "140": "Microsoft Edge",
    "166": "Yu Yunique",
    "200": "Paris",
    "201": "carrot",
    "202": "Japanese",
    "203": "Japan",
    "204": "1903",
    "205": "Agra",
    "206": "Japanese manga magazine \" Weekly Sh\u014dnen Jump \" published by Shueisha in December 2003",
    "207": "Vi",
    "208": "Ryuk",
    "209": "Rabbit",
    "210": "Indian",
    "211": "Hogwarts School of Witchcraft and Wizardry",
    "212": "Mumtaz",
    "213": "1979",
    "214": "Tsugumi Ohba",
    "215": "Steven Spielberg",
    "216": "dinosaurs",
    "217": "dinosaurs",
    "218": "Steven Spielberg",
    "219": "Argentine",
    "220": "Steven Spielberg",
    "221": "Steven Spielberg",
    "222": "dinosaurs",
    "223": "dinosaurs",
    "224": "Tim Cook",
    "225": "1912",
    "226": "Emaar Properties",
    "227": "Ontario",
    "228": "1998",
    "229": "1997",
    "230": "1903",
    "231": "Taiwan",
    "232": "1937",
    "233": "Apple",
    "234": "six"
}
