{
    "4": "50,000 rupees",
    "9": "512 MB",
    "19": "Android",
    "49": "Microsoft",
    "50": "Joe Belfear",
    "54": "296",
    "58": "Kevin Bharti Mittal",
    "68": "1 GB",
    "72": "Android",
    "80": "5.1",
    "88": "Amazon",
    "89": "Amazon",
    "90": "Amazon",
    "107": "2.78 Crore",
    "115": "14 May",
    "133": "",
    "137": "Microsoft Edge",
    "140": "Microsoft Edge",
    "166": "8 Megapixel",
    "200": "Paris",
    "201": "carrot",
    "202": "1945",
    "203": "Japan",
    "204": "1903",
    "205": "Agra",
    "206": "Japanese",
    "207": "North America",
    "208": "Ryuk",
    "209": "Rabbit",
    "210": "Indian",
    "211": "Hogwarts School of Witchcraft and Wizardry",
    "212": "Mumtaz",
    "213": "Shah Jahan",
    "214": "Tsugumi Ohba",
    "215": "1993",
    "216": "dinosaurs",
    "217": "dinosaurs",
    "218": "1993",
    "219": "Argentine",
    "220": "Michael Crichton",
    "221": "1993",
    "222": "dinosaurs",
    "223": "dinosaurs",
    "224": "Tim Cook",
    "225": "1912",
    "226": "Mohamed Ali Alabbar",
    "227": "Ontario",
    "228": "1999",
    "229": "1997",
    "230": "1903",
    "231": "Taiwan",
    "232": "May 27 , 1937",
    "233": "2016",
    "234": "6"
}
