{
    "4": "50,000 rupees",
    "9": "512 MB",
    "19": "Android Tv",
    "49": "Microsoft",
    "50": "Joe Belfear",
    "54": "\"Super Speed Data Service",
    "58": "Windows",
    "68": "8 GB",
    "72": "1.2 GHz",
    "80": "Android,",
    "88": "Amazon",
    "89": "Amazon",
    "90": "Amazon",
    "107": "2.78 Crore",
    "115": "2011",
    "133": "2015",
    "137": "Microsoft Edge",
    "140": "Microsoft Edge",
    "166": "8 Megapixel",
    "200": "Paris",
    "201": "carrot",
    "202": "1945",
    "203": "Japan",
    "204": "1903",
    "205": "Agra",
    "206": "Japanese",
    "207": "Viz Media",
    "208": "Ryuk",
    "209": "Rabbit",
    "210": "India",
    "211": "Hogwarts School of Witchcraft and Wizardry",
    "212": "Mumtaz",
    "213": "Shah Jahan",
    "214": "Tsugumi Ohba",
    "215": "1993",
    "216": "dinosaurs",
    "217": "dinosaurs",
    "218": "dinosaurs",
    "219": "Argentine",
    "220": "Steven Spielberg",
    "221": "dinosaurs",
    "222": "dinosaurs",
    "223": "dinosaurs",
    "224": "Tim Cook",
    "225": "1912",
    "226": "Emaar Properties",
    "227": "New York",
    "228": "1998",
    "229": "1997",
    "230": "1903",
    "231": "Taiwan",
    "232": "1937",
    "233": "2016",
    "234": "6"
}
