{
    "4": "Charges kya hain",
    "9": "512 MB",
    "19": "Smart TV",
    "49": "Microsoft ne Windows 10",
    "50": "Joe Belfear",
    "54": "2",
    "58": "apne features mein changes kiye hain",
    "68": "8 GB",
    "72": "kafi attractive look diya hain",
    "80": "bhi kafi behtar device hain",
    "88": "Amazon company ki taraf se banayi gyi hain.",
    "89": "50,000",
    "90": "Yahi wajah hain ki aapki website kisi khas ranking mein atak jati hain.",
    "107": "Uske baad customers ke plan ke mutabik charge lagega.",
    "115": "Yaha hamesha se Denmark ka sanvidhaan hi mana jata tha. Iceland ne 2011",
    "133": "Vodafone",
    "137": "Microsoft Edge",
    "140": "waqt ab aa gya hain",
    "166": "8 Megapixel ka rear camera with LED flash ke saath milega.",
    "200": ", ) is a wrought iron lattice tower on the Champ de Mars",
    "201": "Oscar Shapely , who addresses Peter Warne as \" Doc \" , and Warne mentions an imaginary person named \" Bugs Dooley",
    "202": "plutonium implosion - type ( Fat Man ) bomb was dropped on Nagasaki .",
    "203": "Hiroshima and Nagasaki is still debated to this day , mainly because more than a hundred thousand civilians were killed .",
    "204": "Cl\u00e9ment Ader , Gustave Whitehead , Richard Pearse , and Karl Jatho for their variously documented tests in years prior to and including 1903",
    "205": "Agra",
    "206": "four - panel comics",
    "207": "Viz Media , with the exception of the video games and soundtracks .",
    "208": "Light Yagami is a genius high school student who discovers the \" Death Note \" , a notebook",
    "209": "Looney Tunes B - Ball \" , \" Looney Tunes Racing \" , \" \" , \" Bugs Bunny Lost in Time",
    "210": "Tendulkar",
    "211": "Hogwarts School of Witchcraft and Wizardry",
    "212": "Taj Mahal",
    "213": "the Taj Mahal is seen as a monument",
    "214": "Tsugumi Ohba",
    "215": "1993",
    "216": "Digital Domain .",
    "217": "Isla Nublar",
    "218": "1990 novel of the same name by Michael Crichton",
    "219": "unremarkable man",
    "220": "Michael Crichton",
    "221": "cloned dinosaurs",
    "222": "dinosaurs",
    "223": "cloned dinosaurs",
    "224": "iCloud",
    "225": "1912",
    "226": "Mohamed Ali Alabbar",
    "227": "New York",
    "228": "1999",
    "229": "1997",
    "230": "1903 Wright Flyer",
    "231": "HTC J One HTL22",
    "232": "1937",
    "233": "October 27 , 2016",
    "234": "six - foot Cube was put on display . ABC Television even developed a cartoon show called \" Rubik , the Amazing Cube \" ."
}
