{
    "4": "Settlement",
    "9": "Android",
    "19": "Mitashi",
    "49": "Microsoft",
    "50": "Microsoft",
    "54": "296",
    "58": "Kevin Bharti Mittal",
    "68": "8 GB",
    "72": "Lollipop",
    "80": "Google",
    "88": "Amazon",
    "89": "Amazon",
    "90": "Amazon",
    "107": "free",
    "115": "(14 May)",
    "133": "",
    "137": "Microsoft Edge",
    "140": "Microsoft Edge",
    "166": "8 Megapixel",
    "200": "Paris",
    "201": "carrot",
    "202": "Japanese",
    "203": "Nagasaki",
    "204": "1903",
    "205": "Agra",
    "206": "2003",
    "207": "Viz Media",
    "208": "Ryuk",
    "209": "Double",
    "210": "Indian",
    "211": "Harry Potter \" , a new \" Harry Potter\"-themed expansion to the Islands of Adventure theme park at Universal Orlando Resort in Florida",
    "212": "Mumtaz",
    "213": "Shah Jahan",
    "214": "Tsugumi Ohba",
    "215": "1993",
    "216": "dinosaurs",
    "217": "dinosaurs",
    "218": "1993",
    "219": "national",
    "220": "1993",
    "221": "1993",
    "222": "dinosaurs",
    "223": "dinosaurs",
    "224": "Jobs",
    "225": "1912",
    "226": "Alabbar",
    "227": "Ontario and the state of New York",
    "228": "1998",
    "229": "1997",
    "230": "1903",
    "231": "Taiwan",
    "232": "May 27 , 1937",
    "233": "2016",
    "234": "6"
}
