{
    "4": "Dusri aor NEFT ke tahat paise turant",
    "9": "51,990 rakhi gayi hain. Ab aaya Android TV Mitashi Company ne Android KitKat",
    "19": "T.V. se pahle Khilaune",
    "49": "kaam karte hain. Phone App se desktop",
    "50": "ke liye tools muhaiya kara",
    "54": "to chinta ki koi baat nahi hain, 4G SIM paane ke liye aapke paas 2 options hain.",
    "58": "messenger slow network condition mein bhi acche se kaam karne mein",
    "68": "mein bhi yeh phone",
    "72": "attractive look diya hain. Iska stylish look users ko attract kar sakta hain. Isme aapko 8 Megapixel",
    "80": "hota hain yani ki isme koi menu nahi hota hain. Apple ke apps kafi alag",
    "88": "hone ki wajah se alexa rank sahi se aapki website ko rank de sakti hain. Kyonki",
    "89": "Merit List aur Ranking hoti",
    "90": "Increase (Badhane) ke tips ki jagah agar hum Alexa rank ko kam karne ki tips kahe toh",
    "107": "Landline yojana pesh kiya hain. BSNL",
    "115": "dikhayega. Facebook par Unfriend",
    "133": "yeh aapke operator ke 4G Network par kaam karega ya nahi, Yeh janane ke liye aapko apne",
    "137": "preview (Build 10105)",
    "140": "lekin",
    "166": "milega. Agar connectivity ki baat ki jaye",
    "200": "empty",
    "201": "film \" It Happened One Night \" , in which Clark Gable 's character",
    "202": "been seen on this earth . \" Three days later , on August 9 ,",
    "203": "War II . The ethical justification for the bombings of Hiroshima and Nagasaki is still debated to this",
    "204": "to make successful airplane flights . Those techniques were : a launch rail ; skids instead of wheels ; a headwind at takeoff ; and a",
    "205": "a city centered on its waterfront and developed partly eastwards but mostly westwards from the rich",
    "206": "by Shueisha in December 2003 . The series has since ended in",
    "207": "on Adult Swim in the United States with a DVD release following . The live - action films briefly played in certain North American",
    "208": "world out of bore",
    "209": ", \" \"",
    "210": "that Tendulkar had a discussion with the national chief selector Sandeep Patil",
    "211": "Hippogriff \" , a family roller",
    "212": "circumstances of its commission and the culture and history",
    "213": "paradise ' is also the location of the Throne of",
    "214": "He went on to say that \" no human has the right to pass judgment on another 's actions . No one should play God \" . He",
    "215": "\" Jurassic Park \" franchise , it is based on the 1990 novel of the",
    "216": "Peter Jackson began to re - explore his childhood love of fantasy films , a path that led him to \" The Lord of the",
    "217": "cloned dinosaurs . After one of the park workers is killed by a \" Velociraptor",
    "218": "Michael Crichton , with a screenplay",
    "219": "his lack of outward passion for the \"",
    "220": "the fictional Isla Nublar , an islet located off Central America 's Pacific Coast , near Costa Rica , where a billionaire philanthropist",
    "221": "installment of the \" Jurassic Park \" franchise , it is based on the 1990 novel of",
    "222": "screenplay about a graduate student who recreates a dinosaur ; he",
    "223": "represented by lawyer Donald Gennaro , say that",
    "224": "storage and syncing service for music , photos , files and software which replaced MobileMe ,",
    "225": "wide variety of ways in the century since she sank in the North Atlantic Ocean in 1912 . As D. Brian Anderson has put",
    "226": "reached US$",
    "227": "waterfalls that straddle the international border between Canada",
    "228": "release of the Disney film",
    "229": "that",
    "230": "Institution for its deal to credit only the 1903 Wright Flyer for the",
    "231": "One 801n ( M7_UL ) was released in Europe , the Middle East and Africa . The HTC One 801n LTE",
    "232": "was renovated in 2012 and the",
    "233": "touch enabled OLED strip built into the top of the keyboard in place of",
    "234": "James G. Nourse 's \" The Simple"
}
