{
    "4": "Real Time Gross Settlement",
    "9": "1998",
    "19": "1998",
    "49": "Microsoft",
    "50": "Joe Belfear",
    "54": "296",
    "58": "Kevin Bharti Mittal",
    "68": "Black",
    "72": "2 Megapixel",
    "80": "Android",
    "88": "Amazon",
    "89": "Amazon",
    "90": "Amazon",
    "107": "2.78 Crore",
    "115": "14 May) ko apna 31st Birthday mana rahe hain. Is saal 4 February ko bhi Facebook ne apne 11",
    "133": "2012",
    "137": "Microsoft Edge",
    "140": "Microsoft Edge",
    "166": "Yu Yunique",
    "200": "Paris",
    "201": "carrot",
    "202": "Japanese",
    "203": "Soviet",
    "204": "1903",
    "205": "Agra",
    "206": "1903",
    "207": "1903",
    "208": "2003",
    "209": "Nadal",
    "210": "Rabbit",
    "211": "Indian",
    "212": "Osaka",
    "213": "Mumtaz",
    "214": "Mumtaz",
    "215": "1995",
    "216": "Michael Crichton",
    "217": "dinosaurs",
    "218": "dinosaur ; he continued to wrestle with his fascination with dinosaurs",
    "219": "dinosaur ; he continued to wrestle with his fascination with dinosaurs and cloning",
    "220": "Maradona",
    "221": "dinosaur ; he continued to wrestle with his fascination with dinosaurs",
    "222": "dinosaurs",
    "223": "dinosaurs",
    "224": "dinosaurs",
    "225": "1912",
    "226": "Emaar Properties",
    "227": "Ontario",
    "228": "1998",
    "229": "1997",
    "230": "1903",
    "231": "Taiwan",
    "232": "May 27 , 1937",
    "233": "2016"
}
