{
    "4": "Real Time Gross Settlement",
    "9": "512 MB",
    "19": "price",
    "49": "Microsoft",
    "50": "Joe Belfear",
    "54": "296",
    "58": "Kevin Bharti Mittal",
    "68": "8 GB",
    "72": "1.2",
    "80": "Android",
    "88": "Amazon",
    "89": "Amazon",
    "90": "Amazon",
    "107": "2.78 Crore",
    "115": "14 May",
    "133": "2012",
    "137": "Microsoft Edge",
    "140": "Microsoft Edge",
    "166": "8 Megapixel",
    "200": "Paris",
    "201": "carrot",
    "202": "1903",
    "203": "Japanese",
    "204": "Japan",
    "205": "Nadal",
    "206": "Ho",
    "207": "Shah Jahan",
    "208": "marble",
    "209": "Paris",
    "210": "Qin Shi Huang",
    "211": "1992",
    "212": "ABC",
    "213": "Nadal",
    "214": "1912",
    "215": "tennis",
    "216": "tennis",
    "217": "Mumtaz",
    "218": "Mumtaz",
    "219": "No",
    "220": "Nadal",
    "221": "1945",
    "222": "1903",
    "223": "Rabbit",
    "224": "Rabbit",
    "225": "Indian",
    "226": "India",
    "227": "Hogwarts School of Witchcraft and Wizardry",
    "228": "Nepal",
    "229": "Tsugumi Ohba",
    "230": "dinosaurs",
    "231": "dinosaurs",
    "232": "dinosaurs",
    "233": "dinosaurs",
    "234": "Emaar Properties",
    "235": "1887",
    "236": "1912",
    "237": "1930",
    "238": "1930",
    "239": "1999",
    "240": "1997",
    "241": "1997",
    "242": "1903",
    "243": "1903",
    "244": "dinosaur ; he continued to wrestle with his fascination with dinosaurs",
    "245": "2003",
    "246": "tennis",
    "247": "carrot",
    "248": "carrot",
    "249": "six",
    "250": "six"
}
