{
    "4": "(National Electronic Funds Transfer)",
    "9": "512 MB",
    "19": "Android",
    "49": "Microsoft ne Windows 10",
    "50": "Joe Belfear",
    "54": "2",
    "58": "jayega.200 million users hain target :Hike messenger ke founder aur CEO Kevin Bharti Mittal",
    "68": "8 GB",
    "72": "1.2 GHz ka Quad-Core 64 Bit Snapdragon 410 Processor",
    "80": "5.1",
    "88": "Amazon",
    "89": "Amazon",
    "90": "Amazon",
    "107": "2.78 Crore",
    "115": "(14 May)",
    "133": "2012",
    "137": "Microsoft Edge",
    "140": "Microsoft Edge",
    "166": "8 Megapixel",
    "200": "Paris",
    "201": "carrot",
    "202": "Japanese",
    "203": "Japan",
    "204": "1903",
    "205": "Agra",
    "206": "Japanese manga magazine \" Weekly Sh\u014dnen Jump \" published by Shueisha",
    "207": "YTV",
    "208": "Ryuk",
    "209": "Rabbit",
    "210": "Indian",
    "211": "Hogwarts School of Witchcraft and Wizardry",
    "212": "Mumtaz",
    "213": "Shah Jahan",
    "214": "Tsugumi Ohba",
    "215": "dinosaurs",
    "216": "dinosaurs",
    "217": "dinosaurs",
    "218": "1993",
    "219": "Argentine society , Messi is generally held in lesser esteem than Maradona",
    "220": "Steven Spielberg",
    "221": "dinosaurs",
    "222": "dinosaurs",
    "223": "dinosaurs",
    "224": "Tim Cook",
    "225": "1912",
    "226": "Emaar Properties",
    "227": "Ontario",
    "228": "1999",
    "229": "1997",
    "230": "1903",
    "231": "Taiwan",
    "232": "1937",
    "233": "2016",
    "234": "6"
}
