{
    "4": "50,000 rupees",
    "9": "512 mb",
    "19": "android",
    "49": "microsoft",
    "50": "joe belfier",
    "54": "2",
    "58": "kevin bharti mittal",
    "68": "8 gab",
    "72": "android",
    "80": "",
    "88": "aamazan",
    "89": "aamazan",
    "90": "aamazan",
    "107": "2.78 crores",
    "115": "mark zukarberg",
    "133": "",
    "137": "microsoft age",
    "140": "microsoft age",
    "166": "2 megapixel",
    "200": "paris",
    "201": "karot",
    "202": "japan",
    "203": "japan",
    "204": "1903",
    "205": "agra",
    "206": "2003",
    "207": "",
    "208": "rayuk",
    "209": "rabbit",
    "210": "indian",
    "211": "hogvarts skool of viccraft and wishardry",
    "212": "mumtaj",
    "213": "shah jahaan",
    "214": "tsugumi ohaba",
    "215": "1993",
    "216": "dinosaur",
    "217": "dinosaur",
    "218": "1993",
    "219": "argentine",
    "220": "1993",
    "221": "1993",
    "222": "dinosaur",
    "223": "dinosaur",
    "224": "tim cook",
    "225": "1912",
    "226": "amar property",
    "227": "ontario",
    "228": "1998",
    "229": "1997",
    "230": "1903",
    "231": "taiwan",
    "232": "may 27 , 1937",
    "233": "2016",
    "234": "sicks"
}